"id";"first_name";"middle_name";"last_name";"birthdate";"gender";"email";"mobile_number";"street_address";"city";"state";"zip_code";"student_id";"course";"year_level";"password";"created_at"
1;"Quyn";"Carolyn Holman";"Booker";"1988-11-28";"other";"nomynymux@example.com";"09997555252";"Sit Optio Sit Sed D";"Expedita Perferendis";"Et In Et Labore Nesc";"2085";"56468043";"bshrm";2;"$2b$10$.2xmkF0F9YqFAO4DQ2OTmOS/m0b0P2dwOzww65W.jCHgDOibFdsCm";"2025-04-01 07:58:32"
2;"Kalia";"Marny Foreman";"Hull";"1989-11-16";"other";"kalia@example.com";"09715931501";"Esse Hic Accusantiu";"Qui Eveniet Eius Vo";"Facilis Debitis Comm";"6471";"54071372";"bshrm";3;"$2b$10$YMFJl0a5AS6tXJFvebWuZeLzupxdcwZn8oxi3zZmdNeh.sqed5IoG";"2025-04-01 08:00:08"
3;"Clark";"Blaine Larson";"Allison";"1977-12-17";"female";"clark@example.com";"09259905327";"Sapiente Sequi Rerum";"Maiores Dignissimos ";"Vero Vel Aut Vel Com";"8048";"73308366";"bsat";4;"$2b$10$uaCsJjcFJma62Pnwphluze0JFIpOHdf7NMfBZUL/9mRc4xuzvmIQ6";"2025-04-01 08:16:36"
4;"Wilma";"Katelyn Holt";"Merrill";"2024-01-13";"male";"batemog@example.com";"09594728890";"Dolorem Repellendus";"Nemo Eum Nulla Iure ";"Nulla Modi Duis Est ";"8318";"28873513";"bsba";4;"$2b$10$qtPvRXqVw/iKOxqPxf7ZQO/KXgoh6LQ7Vs2yASwlXMU7/vRIC09yC";"2025-04-01 09:15:13"
5;"Gwendolyn";"Latifah Vincent";"Bernard";"2000-01-19";"male";"mytusaru@example.com";"09184944882";"Sit Accusantium Vol";"Qui Eiusmod Reiciend";"Eveniet Itaque Dele";"8921";"10458842";"bsa";1;"$2b$10$/8GAdQ8LNudNM7vt0hsd..KXP0.UQT/NSgEoQkihBSVXPtRdOXH5K";"2025-04-01 09:15:19"
6;"Elton";"Aline Carlson";"Ayala";"1991-02-07";"male";"elton@example.com";"09618991592";"Reprehenderit Conse";"Quia Voluptatem Non";"Eos Assumenda Dicta ";"7028";"93731500";"bsed";2;"$2b$10$c9gC3Bf2kkZU60fk2o2wZ.Zea8./KYzjR7cGYSBGZtywsxLYWIrzG";"2025-04-07 14:38:14"
7;"Mollie";"Arden Harding";"Weiss";"2014-02-27";"other";"mollie@example.com";"09920295608";"Aliquip Qui Quaerat ";"Ut Iste Laborum Volu";"Libero Enim Veritati";"1618";"39536587";"bshm";3;"$2b$10$ursMygYFvISEgo0cqb.fluq9fGBRx9NZ0RZe2dDfihhDpXXM5J/HC";"2025-04-08 02:32:55"
8;"Harlan";"Penelope Fisher";"Cooke";"2004-08-21";"other";"saqavapype@example.com";"09426054580";"Nihil Nemo Qui Sed E";"In Consequatur Aliq";"Velit Cupiditate Rep";"3390";"78636115";"bsis";3;"$2b$10$ZQ49MQY.OZJ0sYQeOOVzpeQXxK7YCyuaFBD1V3TttSlHw7gklGKey";"2025-04-08 03:58:00"
9;"Nero";"Lael Johnson";"Castillo";"1981-06-21";"other";"givyrir@example.com";"09480592157";"Ipsum Nulla Autem E";"Voluptas Sunt Nesciu";"Eum Qui Est Sequi In";"6697";"24822735";"bped";3;"$2b$10$lPcvDlyUfK8JV7sm9dq6d..e/xa7eAIzKxoHiS4ZNxli04rbuc7jq";"2025-04-08 03:58:04"
10;"Rose";"Irene Reed";"Shelton";"1991-05-20";"female";"dywaj@example.com";"09760020452";"Ullam Assumenda Vel ";"Illo Atque Incididun";"Amet Ut Aut Elit V";"8239";"45093508";"bsat";4;"$2b$10$lsbjhXq5lmSaIevjrYOqPue/NvDRNWDfaWUqQx3a6rdgISuSbUCrK";"2025-04-08 03:58:09"
11;"Arden";"Emily Wilkinson";"Simmons";"2017-06-26";"female";"tiwaka@example.com";"09793301763";"Proident Vel Corpor";"Praesentium Atque Co";"Est Provident Volup";"9782";"75537168";"bsis";2;"$2b$10$8qkuG6F0Zv7QzKhlqQBws.G4yv9eB9SRSIifBaOaBBDulxDX09C2i";"2025-04-08 03:58:13"
12;"Maxwell";"Ross Munoz";"Mcclain";"1998-03-26";"female";"jiwaxazahy@example.com";"09462444559";"Anim Voluptates Dolo";"Saepe Reprehenderit";"Mollit Eos Minim Est";"5697";"73263649";"beed";3;"$2b$10$SaATSrk3VgYPCZp7jlntvun8XRW8DeKue1VKVSb0.4c75f9FRy.76";"2025-04-08 03:58:18"
13;"Latifah";"Cherokee Buckner";"Beasley";"2021-01-18";"male";"huburux@example.com";"09393077244";"Esse Placeat Dignis";"Est Nihil Id Dolore ";"Officia Ad Esse Et ";"3389";"41891475";"bael";1;"$2b$10$7eQdNOB3zkTtBtR27DgFeeFcBL.TWt3tLM7KRzVLdz9vwPCaAVoty";"2025-04-08 03:58:23"
14;"Dahlia";"Lael Meyers";"Diaz";"2010-07-28";"other";"cijiluxu@example.com";"09627660345";"Ut Dignissimos Repre";"Rerum Ab Incididunt ";"Rerum Reprehenderit";"6918";"28853521";"bshrm";3;"$2b$10$kuFZFTnOY1WHllObEspsd.LYpcKn8GsehRAj2CWxcfPM.qiieWYWa";"2025-04-19 06:59:23"
15;"Colette";"Lester Mays";"Wilson";"1980-09-21";"male";"kelere@example.com";"09597177293";"Ex Quo Eum Quam Dolo";"Ullam Voluptatibus P";"Deserunt Facere Accu";"6429";"54707594";"bsais";4;"$2b$10$.JDEMWg72d/cFosSPOADrutxOxEOcjrZRw5adqrD7ZkKDhHLmTNeq";"2025-04-19 06:59:28"
16;"Joseph";"Allen Randolph";"Cotton";"2018-12-02";"other";"joseph@example.com";"09866150454";"Molestiae Mollit Eu ";"Nostrud Eos Eius Fug";"Inventore Et Sapient";"9714";"16650207";"beed";1;"$2b$10$wNoh35uJBmxHhgh2/EWABuvbeJkKfcz9Z73NcVKTs/5/IH.TxAxqG";"2025-04-19 07:32:26"
17;"Luke";"Jerome Stark";"Allen";"2006-10-09";"other";"xuju@example.com";"09511575064";"Excepteur Quidem A E";"Neque Iste Deserunt ";"Voluptatem Eiusmod V";"4287";"31400166";"bspsych";2;"$2b$10$ygQzLwpDdSUhQJ8RclgB9uhD2iGLQY.NeYKuSycNf0s2pCP5.s90q";"2025-04-19 07:32:38"
18;"Chester";"Irma Berg";"Jackson";"2020-11-21";"female";"chester@example.com";"09640179285";"Ea Nihil Dolorum Sap";"Officia Est Officia ";"Elit Quia Aut Accus";"8769";"12278386";"bscrim";1;"$2b$10$mSklpXQy6CEDSRYld3uvXumRiFQqpNEjrh6ChzGd84gHgQmBCkzBG";"2025-04-19 07:32:51"
19;"Hakeem";"Grady Perez";"Walsh";"1996-09-19";"other";"nane@example.com";"09712437418";"Aliqua Dolor Velit ";"Aute Aut Qui Accusan";"Quia Ex Ipsum Ullamc";"6330";"42559669";"bsais";2;"$2b$10$vLn6a8E5qaI0h4x8GaY1IOBnpRj4juXnIhh4Mz0xk1VSkipRGg.wS";"2025-04-22 10:02:40"
20;"Emerson";"Merritt Burch";"Nielsen";"2009-07-01";"other";"woxipehe@example.com";"09463822703";"Quia Voluptates Aut ";"Corporis Enim Qui Et";"Voluptate Qui Eu Ali";"7620";"33704655";"bsa";2;"$2b$10$A2eC5lxAHSI425iZ/4JDz.hXmfgflx6T3F.xBJ1722iJ778rx.kMi";"2025-04-22 10:02:56"
21;"Raphael";"Shelley Reid";"Mcintosh";"1990-05-31";"male";"gevypyny@example.com";"09567055439";"Dolorem Facilis Adip";"Dolore Iste Culpa E";"Quis Dolorum Omnis E";"3487";"22314054";"bsais";1;"$2b$10$FGahEf59RPND1lDWZ2QYO.Qs29PDRhzIh3La6S87ztxQRxqP3Qrpy";"2025-04-22 10:03:13"
22;"Yvette";"Dai Mosley";"Mason";"2013-11-08";"male";"lypebada@example.com";"09628568080";"Accusamus Tempore A";"Irure Soluta Quo Vol";"Necessitatibus Ex Vo";"3685";"92494280";"bshm";4;"$2b$10$uOd4SjZwOAUx0jg09KZPzOjQ9hm4VhDwRiNB8b57BiauDWhgyPIBK";"2025-04-22 10:03:17"
23;"Colleen";"Janna Hall";"Bates";"2005-07-01";"female";"sesa@example.com";"09534240913";"Tenetur Sed Exercita";"Ut Iste Et Aut Ab Ir";"Qui Nisi Odio Labori";"3703";"35653380";"bped";1;"$2b$10$Ak14P8d71z183yuWi.6Qq.3VHKyGydAVNpPhjNH/cpj0Q1UdBJR0O";"2025-04-22 10:03:20"
24;"Blake";"Cailin Ratliff";"Hunter";"2003-10-27";"female";"jupovu@example.com";"09234650679";"Commodi Consequatur";"Obcaecati Deleniti V";"Quisquam Ullamco Eve";"3670";"89780208";"bscrim";1;"$2b$10$a18acZRZCEyffLAV9wPGf.4LvqzQkZypa7ODH.JxefbDLWvrVwwXm";"2025-04-22 10:03:24"
25;"Galvin";"Jaime Simon";"Dodson";"2009-06-19";"other";"qebopicus@example.com";"09562161544";"Tempora Qui Eligendi";"Est Voluptas Ipsa D";"Anim Voluptate Repel";"3677";"89811698";"bsat";2;"$2b$10$9gJA1B6fRZCjVNmhyWoVVup4f2Amd.iejkZtSDYN23I38X9kRsQKW";"2025-04-22 10:03:27"
26;"Chastity";"Neve Joyner";"Kirk";"2018-12-18";"female";"rylufo@example.com";"09433007472";"Ex Aliquip Mollitia ";"Sint Sit Aspernatur";"Consequuntur Earum A";"1770";"41342722";"bshm";1;"$2b$10$LFiHgmhApoJYyBND10wfpOS4voF6GoyUe2v.D2qRRjFuUb96X5iaa";"2025-04-22 10:03:31"
27;"Ferris";"Tatum Goff";"Hahn";"1978-05-10";"male";"byheki@example.com";"09415988500";"Quaerat Sed Perferen";"Mollitia Eu Minus Se";"Rerum Architecto Est";"2418";"39075012";"bsed";2;"$2b$10$WGUMnCi3sRMZBy/YBeIOnuGCEUzZVLBdZRKQIZ6T0FbOX2WumcPWa";"2025-04-22 10:03:35"
28;"Britanney";"Yeo Hickman";"Fitzgerald";"1992-03-09";"female";"rynajumo@example.com";"09643298088";"Nesciunt Dolor Esse";"Et Debitis Quia In A";"Laborum Esse Fuga ";"5601";"45625671";"bsa";2;"$2b$10$GBmkZIsJSDqaoFRjywHHWeJ/6Vg533LERhd/uLyB7hJpAOy1YNGJe";"2025-04-22 10:03:58"
29;"Karen";"Lareina Solomon";"Hernandez";"2024-12-15";"male";"kuqakydu@example.com";"09916874230";"Ea Dolore Incididunt";"Corrupti Voluptate ";"Aliqua Ducimus Ad ";"3414";"89031778";"bsba";2;"$2b$10$Uf5QUwPdd1WfSdhY83zgfuL1O8vb7kqSmZ7F7LOlD6IWPVBWBq9Nq";"2025-04-22 10:04:02"
30;"Wendy";"Jordan Dalton";"Duran";"1999-09-13";"female";"totapab@example.com";"09677343791";"Et Debitis Illum Ma";"Culpa Praesentium Au";"Velit Laborum Qui Se";"6622";"76020871";"bshrm";4;"$2b$10$JeuqJBR3/oJSWqEAw7NcBOqP09t7HHNpnTqUGC8mpHzUfzj3qqEFK";"2025-04-22 10:04:04"
31;"Jade";"Kelly Dunn";"Stafford";"2002-08-01";"male";"vypiqulax@example.com";"09195091847";"Enim Dolore Mollit A";"Ut Est Irure Quisqu";"Consectetur Suscipi";"8524";"45601407";"bsis";3;"$2b$10$sDPzl84GrFf0z/zVrhSOW.m8IbY6HoPTHYC/OCcqR6RbWQI6t9NLO";"2025-04-22 10:04:08"
32;"Ciaran";"Eden Henson";"Riddle";"1977-06-12";"female";"kebitefeto@example.com";"09591046626";"Dolor Quo Nesciunt ";"Facilis Facere Nostr";"Eum Dolorem Tempora ";"2731";"99970066";"bael";3;"$2b$10$kCsSCRpvbpGKePWPwE3areRgw.NdzUIuHmEIXvEra7vmNL1Tu.hEq";"2025-04-22 10:04:11"
33;"Wyatt";"Ronan Ellison";"Bruce";"2002-11-24";"other";"cycovi@example.com";"09740689532";"Irure Voluptate Porr";"Cupiditate Sit At S";"Natus Culpa Laudanti";"4075";"75322690";"bshrm";3;"$2b$10$hmvBR4m9ycUildOXYHs/I.3GlXGR07x0.E6xTL3M5RVtdH5c048jK";"2025-04-22 10:04:14"
34;"Tasha";"Xander Potts";"Boyd";"1971-12-26";"other";"hevymawu@example.com";"09613545271";"Ipsum Saepe Ut Et E";"Cum Occaecat Reicien";"Sit Enim Rerum Ut I";"7557";"20598078";"bael";2;"$2b$10$BlXPewPyGqBAzIB987qeb.Wiv2I2jtmKEEUprfMTi1Iflb9e3mglm";"2025-04-22 10:04:17"
36;"Scarlett";"Jorden Suarez";"Valencia";"2018-09-14";"male";"mevaqa@example.com";"09377225508";"Aliquid Ad Qui Non Q";"Doloremque Sit Amet";"Ea Dolores Voluptate";"3152";"19140068";"bsba";4;"$2b$10$nh0xVHi19hrh9cXwLYOt6uUO2lCaLoQUqk2NJqtZ.KuKB/Abd5leu";"2025-04-22 10:04:23"
37;"Benedict";"Maisie Langley";"Peck";"2001-05-17";"female";"bahozisuho@example.com";"09665644282";"Cupidatat Tempor Odi";"Eum Molestiae Ea Eli";"Id Repellendus Tota";"3870";"48487623";"bshm";2;"$2b$10$BB6uJ2v6EHCHa3Q4DLPwm.yYtY7hwHFdKFBaiqhPfRVLOcbZq/RGq";"2025-04-22 10:04:26"
38;"Kane";"Whoopi Meadows";"Holloway";"1983-12-29";"female";"berugu@example.com";"09475242247";"Consequatur Eligendi";"Fugit Repellendus ";"Et Blanditiis Volupt";"6964";"82254498";"bsce";3;"$2b$10$SArp2Qbqn85SUQ3vZuMj5e6/V5fzy5m7.PJvf3AwKlbDJ/Ynxgh1W";"2025-04-22 10:04:29"
39;"Micah";"Bradley Day";"Guerrero";"2008-02-05";"other";"lorege@example.com";"09621802568";"Consequuntur Provide";"Est Labore Pariatur";"Repudiandae Quo Null";"8572";"55384453";"bped";2;"$2b$10$N70HnTyQKhzmeWOgd7p08eklNywpB1J.myh4pJSWkd8O15O40oZK2";"2025-04-22 10:20:32"
40;"Winter";"Xenos Newton";"Burton";"2017-06-07";"other";"winter@example.com";"09756958237";"Exercitation Rerum I";"Aut Nihil Vitae Quis";"Commodi Voluptatum S";"9163";"17389040";"beed";2;"$2b$10$CJ5Fr6X9f.I0mkLrvXlLpehxYJ4uGiIC8uiKRRL6M7DQCtSaNKRH2";"2025-04-22 10:20:45"
